{
    "stage1": {
        "accuracy": [
            0.8874274492263794,
            0.9039822220802307,
            0.9098330736160278,
            0.9088352918624878,
            0.9145954251289368,
            0.9152757525444031,
            0.9160467982292175,
            0.9172714352607727,
            0.9166364073753357,
            0.9164550304412842,
            0.9174528121948242,
            0.9210359454154968
        ],
        "loss": [
            0.29005247354507446,
            0.2534305453300476,
            0.2460205852985382,
            0.2395734339952469,
            0.22868111729621887,
            0.22940289974212646,
            0.22744199633598328,
            0.22437648475170135,
            0.22378137707710266,
            0.22663210332393646,
            0.22629116475582123,
            0.21787875890731812
        ],
        "val_accuracy": [
            0.8382940292358398,
            0.8794918060302734,
            0.8818511962890625,
            0.8404718637466431,
            0.8773139715194702,
            0.8745916485786438,
            0.8900181651115417,
            0.8925589919090271,
            0.8796733021736145,
            0.8932849168777466,
            0.8769509792327881,
            0.8916515707969666
        ],
        "val_loss": [
            0.4067125916481018,
            0.31233254075050354,
            0.3145975172519684,
            0.403372198343277,
            0.3082836866378784,
            0.3156993091106415,
            0.28051477670669556,
            0.2776825726032257,
            0.3074515461921692,
            0.27295854687690735,
            0.30746108293533325,
            0.28062593936920166
        ],
        "learning_rate": [
            0.0010000000474974513,
            0.0010000000474974513,
            0.0010000000474974513,
            0.0010000000474974513,
            0.0003000000142492354,
            0.0003000000142492354,
            0.0003000000142492354,
            0.0003000000142492354,
            0.0003000000142492354,
            0.0003000000142492354,
            0.0003000000142492354,
            0.0003000000142492354
        ]
    },
    "stage2": {
        "accuracy": [
            0.9063860774040222,
            0.9228047728538513,
            0.9267507195472717,
            0.9276124835014343,
            0.9287463426589966,
            0.9308781027793884,
            0.9333726167678833,
            0.9349600672721863,
            0.9321480393409729,
            0.9324655532836914,
            0.9341436624526978
        ],
        "loss": [
            0.2535214126110077,
            0.22291523218154907,
            0.20923396944999695,
            0.2018231302499771,
            0.19401663541793823,
            0.19568395614624023,
            0.1923096626996994,
            0.18277563154697418,
            0.18980449438095093,
            0.18827682733535767,
            0.18900835514068604
        ],
        "val_accuracy": [
            0.878765881061554,
            0.8976406455039978,
            0.9172413945198059,
            0.9176043272018433,
            0.9179673194885254,
            0.9237749576568604,
            0.9230489730834961,
            0.9217785596847534,
            0.9225045442581177,
            0.9232304692268372,
            0.9228675365447998
        ],
        "val_loss": [
            0.35705286264419556,
            0.278239369392395,
            0.21093419194221497,
            0.20617853105068207,
            0.2094988226890564,
            0.19123218953609467,
            0.19263970851898193,
            0.19599400460720062,
            0.19486558437347412,
            0.19353532791137695,
            0.19377733767032623
        ],
        "learning_rate": [
            9.999999747378752e-06,
            9.999999747378752e-06,
            2.9999998787388904e-06,
            2.9999998787388904e-06,
            2.9999998787388904e-06,
            2.9999998787388904e-06,
            2.9999998787388904e-06,
            2.9999998787388904e-06,
            8.999999749903509e-07,
            8.999999749903509e-07,
            2.699999868127634e-07
        ]
    },
    "final_accuracy": 0.9237749576568604,
    "final_loss": 0.19123218953609467
}